Engines,DGEN-380 (m/s^2),TJ100 (m/s^2),"Gravity (g, constant)"
1,4.112903226,2.096774194,9.81
2,7.285714286,3.714285714,9.81
3,9.807692308,5,9.81
4,11.86046512,6.046511628,9.81
5,13.56382979,6.914893617,9.81
6,15,7.647058824,9.81
7,16.22727273,8.272727273,9.81
8,17.28813559,8.813559322,9.81
9,18.21428571,9.285714286,9.81
10,19.02985075,9.701492537,9.81
